n,p-one_path-c0.1,p-two_path-c0.1,c-one_path-c0.1,c-two_path-c0.1,p-one_path-c0.2,p-two_path-c0.2,c-one_path-c0.2,c-two_path-c0.2,p-one_path-c0.5,p-two_path-c0.5,c-one_path-c0.5,c-two_path-c0.5,p-one_path-c1,p-two_path-c1,c-one_path-c1,c-two_path-c1,p-one_path-c2,p-two_path-c2,c-one_path-c2,c-two_path-c2
100,0.94406262505002,0.8780248397435898,1.2003970624246578,2.648656951431189,0.9676405843506101,0.8882868885324778,0.6944220661416663,2.425819393329388,0.9557495996797438,0.8641603130016052,0.9495985573697301,2.9497213243433875,0.9436736736736738,0.8292168674698795,1.2087438268198323,3.7085086029991525,0.9194372120969357,0.758658487530169,1.7288500582313029,5.240664355991623
1000,0.9479233386709367,0.9148374799357946,4.328242700198319,12.328537509619798,0.9946185422507008,0.9903486736334408,0.4472685964380534,1.397172594681339,0.9903225806451612,0.9888094278807414,0.804318453033447,1.62000124024479,0.985662723080008,0.9862065481002426,1.1916127606099998,1.9968066821541952,0.9818044961862709,0.9817065746753245,1.5122812128943441,2.648244557871922
10000,0.9956855081178592,0.9893613801452787,1.3093854062944972,11.550734744929537,0.9988565697091274,0.9934615384615386,0.34701442878616784,7.099044415726061,0.9978898713826371,0.9990161092985315,0.640393282095695,1.0682457561092633,0.997845782162271,0.9993375102711585,0.6537737179150652,0.7192890838836461,0.9965778316172016,0.9981972152950955,1.0385782290764791,1.9573486234989834
