n,p-one_path-c0.1,p-two_path-c0.1,c-one_path-c0.1,c-two_path-c0.1,p-one_path-c0.2,p-two_path-c0.2,c-one_path-c0.2,c-two_path-c0.2,p-one_path-c0.5,p-two_path-c0.5,c-one_path-c0.5,c-two_path-c0.5,p-one_path-c1,p-two_path-c1,c-one_path-c1,c-two_path-c1,p-one_path-c2,p-two_path-c2,c-one_path-c2,c-two_path-c2
100,0.9918267306922769,0.9698167067307694,0.17539558258087243,0.6554218856247214,0.9861767060236141,0.9657076984763432,0.29664319244734383,0.7446478661743313,0.9790782626100878,0.9598715890850724,0.44897337649699165,0.8713773713949634,0.9750450450450451,0.9518975903614457,0.5355248552091427,1.0445305536136957,0.964415181253755,0.9261665325824618,0.76363812081106,1.6032733739610179
1000,0.9991393114491595,0.9985002006420547,0.0715343273214177,0.21711819503922916,0.9988886663996794,0.9983621382636655,0.09236616596210497,0.23710477140351907,0.9980064115407736,0.9985646655922643,0.1656929318360616,0.20778593765516062,0.9971626228193303,0.9983882376717866,0.23582266521162384,0.23332649509420034,0.9961812525090328,0.9986353490259743,0.31738720436087575,0.1975534625810888
10000,0.9999298456604527,1.0000000000000004,0.021290819614624385,-4.821637332766435e-13,0.9999197592778336,0.9999898785425101,0.02435188973934769,0.010989232841714424,1.0000000000000004,0.9999999999999997,-1.3477460297873968e-13,3.616227999574826e-13,1.0,1.0,0.0,0.0,1.0,1.0,0.0,0.0
