n,p-one_path-c0.1,p-two_path-c0.1,c-one_path-c0.1,c-two_path-c0.1,p-one_path-c0.2,p-two_path-c0.2,c-one_path-c0.2,c-two_path-c0.2,p-one_path-c0.5,p-two_path-c0.5,c-one_path-c0.5,c-two_path-c0.5,p-one_path-c1,p-two_path-c1,c-one_path-c1,c-two_path-c1,p-one_path-c2,p-two_path-c2,c-one_path-c2,c-two_path-c2
100,0.9670118047218884,0.9141276041666666,0.7079154633542613,1.8646953829114241,0.9711827096257755,0.909698275862069,0.6184092611280089,1.9608770249726561,0.9594825860688551,0.887871187800963,0.8694899376933974,2.43484622002039,0.9493993993993994,0.862449799196787,1.0858716979872516,2.986864659675982,0.925515722010815,0.7939008447304908,1.5984073005748243,4.475386292923466
1000,0.9787780224179342,0.9949488362760834,1.7638202451754754,0.7312308441622813,0.9926812174609531,0.9943026527331189,0.6082852911557537,0.824775493164344,0.9933880985774393,0.993019742143433,0.5495343467930446,1.0104958231229524,0.991407659915781,0.9921230800323362,0.7141343607292164,1.1403009587833126,0.9877509032517062,0.9889255275974026,1.0180580365899412,1.6031940848126331
10000,0.9994938865504106,0.9996065375302664,0.15359805579073021,0.42719644860331535,0.9991775325977935,0.9995900809716596,0.24960686982860864,0.4450639300884698,0.999371985530547,0.9997807911908645,0.19059323871889305,0.23800294048033466,0.9994513791020738,0.9997843056696795,0.1664984468521642,0.23418714359006637,0.9993185947910357,0.9998077722360766,0.206796550037361,0.20870864285128868
